{
    "train_losses": [
        0.5470888983249664,
        0.4444163086414337,
        0.42763353785276415,
        0.40741155467033385,
        0.3903265979409218,
        0.3734346314072609,
        0.35502334136962893,
        0.3432148909687996,
        0.33835845029354095,
        0.3247903591990471,
        0.3193252078831196,
        0.3066497502028942,
        0.3054446029961109,
        0.29147970783114435,
        0.29304701019525525,
        0.2859512834131718,
        0.28348089465498927,
        0.27033815539479256,
        0.2687037057876587,
        0.26550267953276635,
        0.259508509388566,
        0.2578320867091417,
        0.25451595613360406
    ],
    "test_losses": [
        0.44001811265945434,
        0.41793108570575715,
        0.3839803932905197,
        0.3629559354186058,
        0.358838869035244,
        0.33336829805374146,
        0.34038426554203033,
        0.3494485421180725,
        0.32567219668626785,
        0.3347009345293045,
        0.31568851578235624,
        0.3230161714553833,
        0.27996539551019667,
        0.32677222859859467,
        0.29886940130591394,
        0.2989576160609722,
        0.2806061151623726,
        0.26079464918375017,
        0.2911971024274826,
        0.2991851404905319,
        0.26865308472514154,
        0.2564484187662601,
        0.26651150050759315
    ],
    "train_accuracies": [
        0.7193,
        0.7956,
        0.8059,
        0.8202,
        0.826,
        0.8396,
        0.8476,
        0.8528,
        0.8549,
        0.8624,
        0.8635,
        0.8702,
        0.8699,
        0.8779,
        0.8757,
        0.8804,
        0.8836,
        0.8889,
        0.8882,
        0.8891,
        0.889,
        0.8935,
        0.8937
    ],
    "test_accuracies": [
        0.7945,
        0.8015,
        0.8295,
        0.842,
        0.8405,
        0.857,
        0.8485,
        0.842,
        0.8655,
        0.851,
        0.8625,
        0.8745,
        0.8855,
        0.863,
        0.878,
        0.879,
        0.8925,
        0.898,
        0.8785,
        0.8745,
        0.892,
        0.8945,
        0.889
    ],
    "test_precisions": [
        0.8083769633507853,
        0.8210862619808307,
        0.8003646308113036,
        0.8202247191011236,
        0.8010610079575596,
        0.8324022346368715,
        0.8649214659685864,
        0.8886363636363637,
        0.8231653404067197,
        0.8375,
        0.8795811518324608,
        0.852304797742239,
        0.8805528134254689,
        0.8040201005025126,
        0.902127659574468,
        0.9146608315098468,
        0.8874629812438302,
        0.8871595330739299,
        0.8955067920585162,
        0.9156492785793563,
        0.8622920517560074,
        0.865616311399444,
        0.8993839835728953
    ],
    "test_recalls": [
        0.772,
        0.771,
        0.878,
        0.876,
        0.906,
        0.894,
        0.826,
        0.782,
        0.931,
        0.871,
        0.84,
        0.906,
        0.892,
        0.96,
        0.848,
        0.836,
        0.899,
        0.912,
        0.857,
        0.825,
        0.933,
        0.934,
        0.876
    ],
    "best_test_accuracy": 0.898
}