{
    "train_losses": [
        0.6705610451698303,
        0.6222153704166412,
        0.5829860174655914,
        0.543549483537674,
        0.4834607083797455,
        0.45490128338336944,
        0.4404878371953964,
        0.4224275323152542,
        0.4191405799984932,
        0.40438645976781845,
        0.3990491547584534,
        0.38462447822093965,
        0.3893452606201172,
        0.38773991680145264,
        0.36785022020339964,
        0.3846013654470444
    ],
    "test_losses": [
        0.6089857723712921,
        0.5972911806106568,
        0.6352965471744537,
        0.4843368117809296,
        0.4647952558994293,
        0.4388501915931702,
        0.42997896087169646,
        0.43417292487621306,
        0.41448225450515747,
        0.4015586315393448,
        0.3922508118748665,
        0.39228939801454543,
        0.42979846918582915,
        0.389656506896019,
        0.39356313210725785,
        0.4393246523141861
    ],
    "train_accuracies": [
        0.605,
        0.6575,
        0.7005,
        0.7445,
        0.783,
        0.788,
        0.8035,
        0.8125,
        0.8115,
        0.819,
        0.8225,
        0.835,
        0.8275,
        0.8255,
        0.847,
        0.826
    ],
    "test_accuracies": [
        0.68,
        0.6805,
        0.661,
        0.782,
        0.7805,
        0.798,
        0.7985,
        0.8035,
        0.8125,
        0.8205,
        0.827,
        0.8215,
        0.8,
        0.82,
        0.824,
        0.796
    ],
    "test_precisions": [
        0.6630434782608695,
        0.6878251821019771,
        0.8108108108108109,
        0.7635514018691589,
        0.8183881952326901,
        0.8078512396694215,
        0.8172157279489904,
        0.7839101964452759,
        0.8025169409486931,
        0.7794245858761988,
        0.7972727272727272,
        0.808837656099904,
        0.852112676056338,
        0.8333333333333334,
        0.8389121338912134,
        0.8507109004739336
    ],
    "test_recalls": [
        0.732,
        0.661,
        0.42,
        0.817,
        0.721,
        0.782,
        0.769,
        0.838,
        0.829,
        0.894,
        0.877,
        0.842,
        0.726,
        0.8,
        0.802,
        0.718
    ],
    "best_test_accuracy": 0.827
}