{
    "train_losses": [
        0.6906107234954834,
        0.6765364646911621,
        0.6558194875717163,
        0.6477293014526367,
        0.6107832264900207,
        0.6202661681175232,
        0.6064465188980103,
        0.6042118096351623,
        0.6304928541183472,
        0.6181696128845214,
        0.5804464530944824,
        0.5770746374130249,
        0.5611064636707306,
        0.547502167224884,
        0.529354350566864,
        0.5078854107856751,
        0.49198912680149076,
        0.5154216527938843,
        0.5115540671348572,
        0.49876287937164304,
        0.4857214617729187,
        0.4619123101234436,
        0.46488266229629516,
        0.47404885053634643,
        0.44605943441390994,
        0.5529716396331787,
        0.5844434332847596,
        0.5428012537956238,
        0.47615925073623655,
        0.4741052007675171,
        0.46979485034942625,
        0.44991562604904173,
        0.4295326280593872,
        0.4504604351520538,
        0.39624085068702697,
        0.4685454249382019,
        0.3934865117073059,
        0.4292725193500519,
        0.4247522085905075
    ],
    "test_losses": [
        0.6804147486686707,
        0.6648542966842651,
        0.6688840599060059,
        0.6346395585536957,
        0.6088187029361725,
        0.6148702836036682,
        0.6267601847648621,
        0.6194903502464294,
        0.6241486213207245,
        0.6047844293117524,
        0.5905687189102173,
        0.5879526567459107,
        0.5808880743980408,
        0.5716675961017609,
        0.571747960805893,
        0.5780453662872315,
        0.6215019373893738,
        0.5513131954669952,
        0.5557191610336304,
        0.5762874860763549,
        0.5513869943618774,
        0.5329809129238129,
        0.5398216478824616,
        0.5247144281864167,
        0.543506054520607,
        0.54719757437706,
        0.6105536621809006,
        0.5353426439762116,
        0.5186781392097474,
        0.532569278717041,
        0.527145574092865,
        0.510470745921135,
        0.5311176031827927,
        0.49076985466480255,
        0.55818645966053,
        0.534323516368866,
        0.5103759056329727,
        0.5631353169679642,
        0.5760811539888382
    ],
    "train_accuracies": [
        0.565,
        0.605,
        0.64,
        0.615,
        0.685,
        0.69,
        0.655,
        0.67,
        0.66,
        0.655,
        0.7,
        0.69,
        0.73,
        0.74,
        0.735,
        0.755,
        0.75,
        0.765,
        0.76,
        0.735,
        0.78,
        0.79,
        0.785,
        0.785,
        0.78,
        0.735,
        0.685,
        0.74,
        0.785,
        0.775,
        0.775,
        0.79,
        0.795,
        0.81,
        0.82,
        0.78,
        0.835,
        0.8,
        0.78
    ],
    "test_accuracies": [
        0.581,
        0.5995,
        0.5555,
        0.6475,
        0.669,
        0.668,
        0.6515,
        0.6365,
        0.6775,
        0.676,
        0.701,
        0.685,
        0.7025,
        0.7005,
        0.69,
        0.7085,
        0.6815,
        0.7255,
        0.713,
        0.7085,
        0.732,
        0.727,
        0.73,
        0.7325,
        0.733,
        0.73,
        0.673,
        0.74,
        0.735,
        0.7385,
        0.7395,
        0.754,
        0.7385,
        0.7585,
        0.74,
        0.7585,
        0.7455,
        0.722,
        0.7175
    ],
    "test_precisions": [
        0.5478723404255319,
        0.6131968145620023,
        0.6554621848739496,
        0.6146076146076146,
        0.6413043478260869,
        0.66600790513834,
        0.6295979469632165,
        0.586556753329106,
        0.6839378238341969,
        0.6689059500959693,
        0.6844036697247706,
        0.6360294117647058,
        0.6616121308858739,
        0.6508653122648608,
        0.6585976627712855,
        0.6856634016028496,
        0.6228842247799594,
        0.6852917009038619,
        0.7067961165048544,
        0.7183246073298429,
        0.6901639344262295,
        0.6714501510574018,
        0.6828298887122417,
        0.6720947446336047,
        0.690983606557377,
        0.719885277246654,
        0.6328725038402457,
        0.710896309314587,
        0.6793893129770993,
        0.7154471544715447,
        0.7132680320569902,
        0.7239858906525574,
        0.6856031128404669,
        0.7145228215767635,
        0.7857142857142857,
        0.775880469583778,
        0.7129228100607112,
        0.6622807017543859,
        0.6733067729083665
    ],
    "test_recalls": [
        0.927,
        0.539,
        0.234,
        0.791,
        0.767,
        0.674,
        0.736,
        0.925,
        0.66,
        0.697,
        0.746,
        0.865,
        0.829,
        0.865,
        0.789,
        0.77,
        0.92,
        0.834,
        0.728,
        0.686,
        0.842,
        0.889,
        0.859,
        0.908,
        0.843,
        0.753,
        0.824,
        0.809,
        0.89,
        0.792,
        0.801,
        0.821,
        0.881,
        0.861,
        0.66,
        0.727,
        0.822,
        0.906,
        0.845
    ],
    "best_test_accuracy": 0.7585
}