{
    "train_losses": [
        0.6528384330272674,
        0.5011407129764557,
        0.4473013371229172,
        0.42348514425754546,
        0.38906003296375274,
        0.3755353447794914,
        0.3603374370336533,
        0.3592630387544632,
        0.3170461379289627,
        0.3118404663801193,
        0.2810446475148201,
        0.29495483660697935,
        0.23873071730136872,
        0.22675755006074905,
        0.21394196811318397,
        0.1752429896593094,
        0.18770954993367195,
        0.14973380528390406,
        0.13532598639279603,
        0.09145595300942659,
        0.10875972072035074
    ],
    "test_losses": [
        0.4832654032707214,
        0.43356595051288604,
        0.3791560224294662,
        0.35013158267736433,
        0.4852013618350029,
        0.34753514420986176,
        0.31663397020101547,
        0.3222019071578979,
        0.2928307614326477,
        0.3254533931016922,
        0.4041395106315613,
        0.26161102038621903,
        0.37556279166042805,
        0.24540987223386765,
        0.2947473226636648,
        0.29544217567145825,
        0.29629480648040774,
        0.30297243224084375,
        0.30325312361121176,
        0.2827136393263936,
        0.32372082421183584
    ],
    "train_accuracies": [
        0.674,
        0.7575,
        0.8025,
        0.8165,
        0.836,
        0.8455,
        0.8525,
        0.845,
        0.869,
        0.868,
        0.889,
        0.879,
        0.906,
        0.9135,
        0.912,
        0.924,
        0.9215,
        0.9455,
        0.949,
        0.9675,
        0.963
    ],
    "test_accuracies": [
        0.769,
        0.8185,
        0.838,
        0.8575,
        0.801,
        0.864,
        0.8665,
        0.8705,
        0.878,
        0.8635,
        0.8465,
        0.8925,
        0.862,
        0.899,
        0.8975,
        0.9025,
        0.875,
        0.8895,
        0.883,
        0.902,
        0.901
    ],
    "test_precisions": [
        0.799554565701559,
        0.7587327376116978,
        0.830078125,
        0.8440808469682387,
        0.7475328947368421,
        0.8533980582524272,
        0.8527430221366699,
        0.8559077809798271,
        0.8787575150300602,
        0.8093617021276596,
        0.774781919111816,
        0.9075804776739356,
        0.919953596287703,
        0.870817843866171,
        0.8465562336530078,
        0.9119754350051177,
        0.9185267857142857,
        0.8524886877828054,
        0.9412442396313364,
        0.8972332015810277,
        0.8567615658362989
    ],
    "test_recalls": [
        0.718,
        0.934,
        0.85,
        0.877,
        0.909,
        0.879,
        0.886,
        0.891,
        0.877,
        0.951,
        0.977,
        0.874,
        0.793,
        0.937,
        0.971,
        0.891,
        0.823,
        0.942,
        0.817,
        0.908,
        0.963
    ],
    "best_test_accuracy": 0.9025
}