{
    "train_losses": [
        0.4922577437162399,
        0.3770883588433266,
        0.31876368715167047,
        0.27890814123153684,
        0.254099071341753,
        0.22651879553198814,
        0.20374553759396077,
        0.1811093066871166,
        0.15942950972467662,
        0.14238522140681745,
        0.11947876200973988,
        0.11025635925782844,
        0.08732580319158732,
        0.07343843622878193,
        0.06305850148759783,
        0.054465236443839965
    ],
    "test_losses": [
        0.41777427411079404,
        0.29588547244668006,
        0.40762305811047556,
        0.24465535786747933,
        0.21071913589537145,
        0.23492791044712066,
        0.18113007566332817,
        0.1677827604562044,
        0.16891821190714837,
        0.1657993964701891,
        0.1411220289543271,
        0.1388210840895772,
        0.15912269575893878,
        0.14773354702070354,
        0.1498933520356659,
        0.15596763268578798
    ],
    "train_accuracies": [
        0.7685,
        0.8346,
        0.8648,
        0.887,
        0.8961,
        0.9062,
        0.9203,
        0.9288,
        0.9394,
        0.9459,
        0.9557,
        0.9586,
        0.9675,
        0.975,
        0.9762,
        0.9806
    ],
    "test_accuracies": [
        0.806,
        0.871,
        0.8445,
        0.898,
        0.919,
        0.9105,
        0.928,
        0.933,
        0.9375,
        0.9335,
        0.9485,
        0.9435,
        0.9415,
        0.946,
        0.9435,
        0.9475
    ],
    "test_precisions": [
        0.8509174311926605,
        0.8378870673952641,
        0.7664346481051817,
        0.9461883408071748,
        0.9223790322580645,
        0.8943323727185398,
        0.9543524416135881,
        0.9519832985386222,
        0.920268972142171,
        0.9587301587301588,
        0.96,
        0.9343780607247796,
        0.9419419419419419,
        0.946,
        0.9773950484391819,
        0.9461615154536391
    ],
    "test_recalls": [
        0.742,
        0.92,
        0.991,
        0.844,
        0.915,
        0.931,
        0.899,
        0.912,
        0.958,
        0.906,
        0.936,
        0.954,
        0.941,
        0.946,
        0.908,
        0.949
    ],
    "best_test_accuracy": 0.9485
}