{
    "train_losses": [
        1.0652628636360169,
        0.6001357674598694,
        0.5699603223800659,
        0.5319284963607788,
        0.5050589275360108,
        0.4734425377845764,
        0.4496921920776367,
        0.49032883524894716,
        0.4120198094844818,
        0.40798362135887145
    ],
    "test_losses": [
        1.493907993555069,
        1.2960978045463563,
        0.6209288947582244,
        0.8466303522586822,
        0.48865109837055204,
        0.718060993552208,
        1.0964731909632683,
        0.6389591479301453,
        0.5982565991878509,
        0.6184693542718888
    ],
    "train_accuracies": [
        0.54,
        0.685,
        0.69,
        0.73,
        0.75,
        0.79,
        0.795,
        0.77,
        0.835,
        0.825
    ],
    "test_accuracies": [
        0.5615,
        0.6245,
        0.6735,
        0.6185,
        0.7715,
        0.7055,
        0.675,
        0.7255,
        0.7115,
        0.7185
    ],
    "test_precisions": [
        0.6175908221797323,
        0.5763335377069283,
        0.6189170664838931,
        0.6389214536928488,
        0.7409050576752441,
        0.6751918158567775,
        0.608560794044665,
        0.6496350364963503,
        0.8320251177394035,
        0.7585798816568048
    ],
    "test_recalls": [
        0.323,
        0.94,
        0.903,
        0.545,
        0.835,
        0.792,
        0.981,
        0.979,
        0.53,
        0.641
    ],
    "best_test_accuracy": 0.7715
}