{
    "train_losses": [
        0.013441053711867426,
        0.002280472785278107,
        0.0018259135019957284,
        0.0013772987114316494,
        0.00015993854403859587,
        0.003733176957757678,
        0.0016008869780125678,
        0.0008164521286926174,
        0.00027813192502435414,
        0.0029784767766977893,
        0.014290394094196017,
        0.017352371163760837
    ],
    "test_losses": [
        0.10448158144834452,
        0.09857294923938753,
        0.08584668346944,
        0.08827723124823933,
        0.07981346211167147,
        0.08791474896788168,
        0.0848058834819094,
        0.09534537851643518,
        0.10424397582000165,
        0.11198265743404044,
        0.1066812444712541,
        0.2036864799394316
    ],
    "train_accuracies": [
        0.995,
        1.0,
        1.0,
        1.0,
        1.0,
        1.0,
        1.0,
        1.0,
        1.0,
        1.0,
        0.995,
        0.995
    ],
    "test_accuracies": [
        0.968,
        0.971,
        0.977,
        0.978,
        0.9785,
        0.9765,
        0.981,
        0.979,
        0.9805,
        0.9785,
        0.9765,
        0.9625
    ],
    "test_precisions": [
        0.9895397489539749,
        0.9855670103092784,
        0.9722772277227723,
        0.9877551020408163,
        0.9848024316109423,
        0.9877175025588536,
        0.9878296146044625,
        0.9723865877712031,
        0.9733990147783251,
        0.967741935483871,
        0.9685349065880039,
        0.9367327667610954
    ],
    "test_recalls": [
        0.946,
        0.956,
        0.982,
        0.968,
        0.972,
        0.965,
        0.974,
        0.986,
        0.988,
        0.99,
        0.985,
        0.992
    ],
    "best_test_accuracy": 0.981
}