{
    "train_losses": [
        0.1431457646511495,
        0.06435462448480539,
        0.041821482528327035,
        0.03588894720777753,
        0.02547558457807172,
        0.019262316155997543,
        0.02038673121608226,
        0.01280492025580379,
        0.01420245730641691,
        0.015302561489279469,
        0.011409079491077181,
        0.00438340532458933
    ],
    "test_losses": [
        0.07655421546287834,
        0.12696629711054266,
        0.06778458273032448,
        0.0824358281257446,
        0.10304025264596567,
        0.10369640996464295,
        0.06309167858838918,
        0.09695010186998115,
        0.09188932834872685,
        0.12623827233887278,
        0.08963220983655629,
        0.125079373218422
    ],
    "train_accuracies": [
        0.9491,
        0.9768,
        0.9857,
        0.9863,
        0.9919,
        0.9938,
        0.9929,
        0.9964,
        0.9948,
        0.9949,
        0.9961,
        0.9984
    ],
    "test_accuracies": [
        0.972,
        0.9615,
        0.9765,
        0.9725,
        0.9725,
        0.973,
        0.9805,
        0.976,
        0.9725,
        0.9605,
        0.9795,
        0.974
    ],
    "test_precisions": [
        0.9573643410852714,
        0.9357884796978282,
        0.9817997977755308,
        0.9806714140386572,
        0.9739217652958877,
        0.9816700610997964,
        0.980980980980981,
        0.9808080808080808,
        0.9846153846153847,
        0.9832109129066107,
        0.9742828882294757,
        0.9836734693877551
    ],
    "test_recalls": [
        0.988,
        0.991,
        0.971,
        0.964,
        0.971,
        0.964,
        0.98,
        0.971,
        0.96,
        0.937,
        0.985,
        0.964
    ],
    "best_test_accuracy": 0.9805
}