{
    "train_losses": [
        0.18579073318839073,
        0.07084247296489775,
        0.03792639769008383,
        0.035267365569947286,
        0.04447671918373089,
        0.05795077944709919,
        0.025978697454091162,
        0.009595626042340882,
        0.004273666955472436,
        0.00860241243740893,
        0.0030735021420259727,
        0.0041830543429532555,
        0.030394658083409014,
        0.007679205579304835
    ],
    "test_losses": [
        0.1327675977125764,
        0.10888545733457432,
        0.10716680786106736,
        0.12465299295948352,
        0.13671833184172283,
        0.10131742401281371,
        0.1238968748662155,
        0.09633048978628359,
        0.10485705196467461,
        0.15993073209782596,
        0.10438878485490569,
        0.1235678599550447,
        0.23719135326938703,
        0.12150157447811216
    ],
    "train_accuracies": [
        0.927,
        0.976,
        0.988,
        0.988,
        0.983,
        0.9835,
        0.992,
        0.997,
        0.999,
        0.997,
        0.9995,
        0.9975,
        0.989,
        0.9975
    ],
    "test_accuracies": [
        0.942,
        0.9615,
        0.967,
        0.9595,
        0.957,
        0.964,
        0.9605,
        0.9715,
        0.972,
        0.9535,
        0.9705,
        0.965,
        0.95,
        0.9695
    ],
    "test_precisions": [
        0.9783549783549783,
        0.9704383282364933,
        0.9542801556420234,
        0.970317297850563,
        0.9515810276679841,
        0.964,
        0.9713408393039918,
        0.977710233029382,
        0.972,
        0.9699481865284975,
        0.970970970970971,
        0.9764344262295082,
        0.9261363636363636,
        0.970912738214644
    ],
    "test_recalls": [
        0.904,
        0.952,
        0.981,
        0.948,
        0.963,
        0.964,
        0.949,
        0.965,
        0.972,
        0.936,
        0.97,
        0.953,
        0.978,
        0.968
    ],
    "best_test_accuracy": 0.972
}